id,quantity,ram_size,storage_size,amortization_period,power,ram_allocation,storage_allocation,GWP,WU
small,38,384,61.44,5,400,75,25,2855.502608725893,6.468493286421048
medium,62,384,11.52,5,400,75,25,10469.589982157144,23.680314019609003
large,3,768,76.8,5,400,75,25,13787.498425573982,31.193930932287838
